﻿[
  {
    "n": {
"identity": 110,
"labels": [
        "Tool"
      ],
"properties": {
"name": "Astree - Accurate",
"id": "Astree - Accurate",
"languages": "C, C++",
"type": "tool"
      }
    }
  },
  {
    "n": {
"identity": 111,
"labels": [
        "Tool"
      ],
"properties": {
"name": "Astree - Less Accurate",
"id": "Astree - Less Accurate",
"languages": "C, C++",
"type": "tool"
      }
    }
  },
  {
    "n": {
"identity": 112,
"labels": [
        "Tool"
      ],
"properties": {
"name": "Flawfinder",
"id": "Flawfinder",
"languages": "C, C++",
"type": "tool"
      }
    }
  },
  {
    "n": {
"identity": 113,
"labels": [
        "Tool"
      ],
"properties": {
"name": "CodeSonar",
"id": "CodeSonar",
"languages": "C, C++, Java",
"type": "tool"
      }
    }
  },
  {
    "n": {
"identity": 114,
"labels": [
        "Tool"
      ],
"properties": {
"name": "Kiuwan SAST",
"id": "Kiuwan SAST",
"languages": "ASP.NET, C++, C#, Java, JavaScript, PHP, Python, Kotlin, Scala, HTML",
"type": "tool"
      }
    }
  },
  {
    "n": {
"identity": 115,
"labels": [
        "Tool"
      ],
"properties": {
"name": "Coverity SAST",
"id": "Coverity SAST",
"languages": "C#, C, Java, JavaScript, Kotlin, PHP, Python, Ruby, Scala, Typescript, Go",
"type": "tool"
      }
    }
  },
  {
    "n": {
"identity": 116,
"labels": [
        "CWE"
      ],
"properties": {
"name": "CWE-200: Exposure of Sensitive Information to an Unauthorized Actor",
"id": 200,
"type": "vulnerability",
"exploit_likelihood": "High"
      }
    }
  },
  {
    "n": {
"identity": 117,
"labels": [
        "CVE"
      ],
"properties": {
"severity": "5.0 MEDIUM",
"name": "CVE-2001-1483",
"description": "One-Time Passwords In Everything (a.k.a OPIE) 2.32 and 2.4 allows remote attackers to determine the existence of user accounts by printing random passphrases if the user account does not exist and static passphrases if the user account does exist.",
"id": "2001-1483",
"type": "attack-pattern"
      }
    }
  },
  {
    "n": {
"identity": 118,
"labels": [
        "CVE"
      ],
"properties": {
"severity": "5.0 MEDIUM",
"name": "CVE-2001-1528",
"description": "AmTote International homebet program returns different error messages when invalid account numbers and PIN codes are provided, which allows remote attackers to determine the existence of valid account numbers via a brute force attack.",
"id": "2001-1528",
"type": "attack-pattern"
      }
    }
  },
  {
    "n": {
"identity": 119,
"labels": [
        "CVE"
      ],
"properties": {
"severity": "5.0 MEDIUM",
"name": "CVE-2004-2150",
"description": "Nettica Corporation INTELLIPEER Email Server 1.01 displays different error messages for valid and invalid account names, which allows remote attackers to determine valid account names.",
"id": "2004-2150",
"type": "attack-pattern"
      }
    }
  },
  {
    "n": {
"identity": 120,
"labels": [
        "CVE"
      ],
"properties": {
"severity": "5.0 MEDIUM",
"name": "CVE-2005-1205",
"description": "The Telnet client for Microsoft Windows XP, Windows Server 2003, and Windows Services for UNIX allows remote attackers to read sensitive environment variables via the NEW-ENVIRON option with a SEND ENV_USERVAR command.",
"id": "2005-1205",
"type": "attack-pattern"
      }
    }
  },
  {
    "n": {
"identity": 121,
"labels": [
        "CVE"
      ],
"properties": {
"severity": "5.0 MEDIUM",
"name": "CVE-2002-1725",
"description": "phpimageview.php in PHPImageView 1.0 allows remote attackers to obtain sensitive information via the pw=show option, which invokes the phpinfo function.",
"id": "2002-1725",
"type": "attack-pattern"
      }
    }
  },
  {
    "n": {
"identity": 122,
"labels": [
        "CVE"
      ],
"properties": {
"severity": "5.0 MEDIUM",
"name": "CVE-2002-0515",
"description": "IPFilter 3.4.25 and earlier sets a different TTL when a port is being filtered than when it is not being filtered, which allows remote attackers to identify filtered ports by comparing TTLs.",
"id": "2002-0515",
"type": "attack-pattern"
      }
    }
  },
  {
    "n": {
"identity": 123,
"labels": [
        "CVE"
      ],
"properties": {
"severity": "5.0 MEDIUM",
"name": "CVE-2004-0778",
"description": "CVS 1.11.x before 1.11.17, and 1.12.x before 1.12.9, allows remote attackers to determine the existence of arbitrary files and directories via the -X command for an alternate history file, which causes different error messages to be returned.",
"id": "2004-0778",
"type": "attack-pattern"
      }
    }
  },
  {
    "n": {
"identity": 124,
"labels": [
        "CVE"
      ],
"properties": {
"severity": "5.0 MEDIUM",
"name": "CVE-2000-1117",
"description": "The Extended Control List (ECL) feature of the Java Virtual Machine (JVM) in Lotus Notes Client R5 allows malicious web site operators to determine the existence of files on the client by measuring delays in the execution of the getSystemResource method.",
"id": "2000-1117",
"type": "attack-pattern"
      }
    }
  },
  {
    "n": {
"identity": 125,
"labels": [
        "CVE"
      ],
"properties": {
"severity": "6.8 MEDIUM",
"name": "CVE-2003-0190",
"description": "OpenSSH-portable (OpenSSH) 3.6.1p1 and earlier with PAM support enabled immediately sends an error message when a user does not exist, which allows remote attackers to determine valid usernames via a timing attack.",
"id": "2003-0190",
"type": "attack-pattern"
      }
    }
  },
  {
    "n": {
"identity": 126,
"labels": [
        "CVE"
      ],
"properties": {
"severity": "4.3 MEDIUM",
"name": "CVE-2008-2049",
"description": "The POP3 server (EPSTPOP3S.EXE) 4.22 in E-Post Mail Server 4.10 allows remote attackers to obtain sensitive information via multiple crafted APOP commands for a known POP3 account, which displays the password in a POP3 error message.",
"id": "2008-2049",
"type": "attack-pattern"
      }
    }
  },
  {
    "n": {
"identity": 127,
"labels": [
        "CVE"
      ],
"properties": {
"severity": "5.0 MEDIUM",
"name": "CVE-2007-5172",
"description": "Quicksilver Forums before 1.4.1 allows remote attackers to obtain sensitive information by causing unspecified connection errors, which reveals the database password in the resulting error message.",
"id": "2007-5172",
"type": "attack-pattern"
      }
    }
  },
  {
    "n": {
"identity": 128,
"labels": [
        "CVE"
      ],
"properties": {
"severity": "4.6 MEDIUM",
"name": "CVE-2008-4638",
"description": "qioadmin in the Quick I/O for Database feature in Symantec Veritas File System (VxFS) on HP-UX, and before 5.0 MP3 on Solaris, Linux, and AIX, allows local users to read arbitrary files by causing qioadmin to write a file's content to standard error in an error message.",
"id": "2008-4638",
"type": "attack-pattern"
      }
    }
  },
  {
    "n": {
"identity": 129,
"labels": [
        "CVE"
      ],
"properties": {
"severity": "5.0 MEDIUM",
"name": "CVE-2007-1409",
"description": "WordPress allows remote attackers to obtain sensitive information via a direct request for wp-admin/admin-functions.php, which reveals the path in an error message.",
"id": "2007-1409",
"type": "attack-pattern"
      }
    }
  },
  {
    "n": {
"identity": 130,
"labels": [
        "CVE"
      ],
"properties": {
"severity": "5.0 MEDIUM",
"name": "CVE-2005-0603",
"description": "viewtopic.php in phpBB 2.0.12 and earlier allows remote attackers to obtain sensitive information via a highlight parameter containing invalid regular expression syntax, which reveals the path in a PHP error message.",
"id": "2005-0603",
"type": "attack-pattern"
      }
    }
  },
  {
    "n": {
"identity": 131,
"labels": [
        "CVE"
      ],
"properties": {
"severity": "5.0 MEDIUM",
"name": "CVE-2004-2268",
"description": "PimenGest2 before 1.1.1 allows remote attackers to obtain the database password via debug information in rowLatex.inc.php.",
"id": "2004-2268",
"type": "attack-pattern"
      }
    }
  },
  {
    "n": {
"identity": 132,
"labels": [
        "CVE"
      ],
"properties": {
"severity": "7.5 HIGH",
"name": "CVE-2003-1078",
"description": "The FTP client for Solaris 2.6, 7, and 8 with the debug (-d) flag enabled displays the user password on the screen during login.",
"id": "2003-1078",
"type": "attack-pattern"
      }
    }
  },
  {
    "n": {
"identity": 133,
"labels": [
        "Language"
      ],
"properties": {
"name": "Class: Language-Independent",
"id": "Class: Language-Independent",
"type": "infrastructure"
      }
    }
  },
  {
    "n": {
"identity": 134,
"labels": [
        "Technology"
      ],
"properties": {
"name": "Class: Mobile",
"id": "Class: Mobile",
"type": "infrastructure"
      }
    }
  },
  {
    "n": {
"identity": 135,
"labels": [
        "Consequence"
      ],
"properties": {
"name": "Confidentiality",
"id": "Confidentiality",
"type": "observed-data"
      }
    }
  },
  {
    "n": {
"identity": 136,
"labels": [
        "Impact"
      ],
"properties": {
"name": "Read Application Data",
"id": "Read Application Data",
"type": "observed-data"
      }
    }
  },
  {
    "n": {
"identity": 137,
"labels": [
        "Detection_Method"
      ],
"properties": {
"name": "Automated Static Analysis - Binary or Bytecode",
"id": "Automated Static Analysis - Binary or Bytecode",
"type": "observed-data"
      }
    }
  },
  {
    "n": {
"identity": 138,
"labels": [
        "Detection_Method"
      ],
"properties": {
"name": "Dynamic Analysis with Automated Results Interpretation",
"id": "Dynamic Analysis with Automated Results Interpretation",
"type": "observed-data"
      }
    }
  },
  {
    "n": {
"identity": 139,
"labels": [
        "Detection_Method"
      ],
"properties": {
"name": "Dynamic Analysis with Manual Results Interpretation",
"id": "Dynamic Analysis with Manual Results Interpretation",
"type": "observed-data"
      }
    }
  },
  {
    "n": {
"identity": 140,
"labels": [
        "Detection_Method"
      ],
"properties": {
"name": "Manual Static Analysis - Source Code",
"id": "Manual Static Analysis - Source Code",
"type": "observed-data"
      }
    }
  },
  {
    "n": {
"identity": 141,
"labels": [
        "Detection_Method"
      ],
"properties": {
"name": "Automated Static Analysis - Source Code",
"id": "Automated Static Analysis - Source Code",
"type": "observed-data"
      }
    }
  },
  {
    "n": {
"identity": 142,
"labels": [
        "Detection_Method"
      ],
"properties": {
"name": "Architecture or Design Review",
"id": "Architecture or Design Review",
"type": "observed-data"
      }
    }
  },
  {
    "n": {
"identity": 143,
"labels": [
        "CWE"
      ],
"properties": {
"name": "CWE-668: Exposure of Resource to Wrong Sphere",
"id": 668,
"type": "vulnerability",
"exploit_likelihood": "[]"
      }
    }
  },
  {
    "n": {
"identity": 144,
"labels": [
        "Consequence"
      ],
"properties": {
"name": "Confidentiality Integrity Other",
"id": "Confidentiality Integrity Other",
"type": "observed-data"
      }
    }
  },
  {
    "n": {
"identity": 145,
"labels": [
        "Impact"
      ],
"properties": {
"name": "Modify Application Data",
"id": "Modify Application Data",
"type": "observed-data"
      }
    }
  },
  {
    "n": {
"identity": 146,
"labels": [
        "Impact"
      ],
"properties": {
"name": "Other",
"id": "Other",
"type": "observed-data"
      }
    }
  },
  {
    "n": {
"identity": 147,
"labels": [
        "CWE"
      ],
"properties": {
"name": "CWE-201: Insertion of Sensitive Information Into Sent Data",
"id": 201,
"type": "vulnerability",
"exploit_likelihood": "[]"
      }
    }
  },
  {
    "n": {
"identity": 148,
"labels": [
        "Impact"
      ],
"properties": {
"name": "Read Files or Directories",
"id": "Read Files or Directories",
"type": "observed-data"
      }
    }
  },
  {
    "n": {
"identity": 149,
"labels": [
        "Impact"
      ],
"properties": {
"name": "Read Memory",
"id": "Read Memory",
"type": "observed-data"
      }
    }
  },
  {
    "n": {
"identity": 150,
"labels": [
        "CWE"
      ],
"properties": {
"name": "CWE-203: Observable Discrepancy",
"id": 203,
"type": "vulnerability",
"exploit_likelihood": "[]"
      }
    }
  },
  {
    "n": {
"identity": 151,
"labels": [
        "CVE"
      ],
"properties": {
"severity": "5.0 MEDIUM",
"name": "CVE-2002-2094",
"description": "Joe Testa hellbent 01 allows remote attackers to determine the full path of the web root directory via a GET request with a relative path that includes the root's parent, which generates a 403 error message if the parent is incorrect, but a normal response if the parent is correct.",
"id": "2002-2094",
"type": "attack-pattern"
      }
    }
  },
  {
    "n": {
"identity": 152,
"labels": [
        "CVE"
      ],
"properties": {
"severity": "7.5 HIGH",
"name": "CVE-2005-1650",
"description": "The web mail service in Woppoware PostMaster 4.2.2 (build 3.2.5) generates different error messages depending on whether a user exists or not, which allows remote attackers to determine valid usernames.",
"id": "2005-1650",
"type": "attack-pattern"
      }
    }
  },
  {
    "n": {
"identity": 153,
"labels": [
        "CVE"
      ],
"properties": {
"severity": "5.0 MEDIUM",
"name": "CVE-2004-0294",
"description": "YaBB 1 SP 1.3.1 displays different error messages when a user exists or not, which makes it easier for remote attackers to identify valid users and conduct a brute force password guessing attack.",
"id": "2004-0294",
"type": "attack-pattern"
      }
    }
  },
  {
    "n": {
"identity": 154,
"labels": [
        "CVE"
      ],
"properties": {
"severity": "5.0 MEDIUM",
"name": "CVE-2004-0243",
"description": "AIX 4.3.3 through AIX 5.1, when direct remote login is disabled, displays a different message if the password is correct, which allows remote attackers to guess the password via brute force methods.",
"id": "2004-0243",
"type": "attack-pattern"
      }
    }
  },
  {
    "n": {
"identity": 155,
"labels": [
        "CVE"
      ],
"properties": {
"severity": "5.0 MEDIUM",
"name": "CVE-2002-0514",
"description": "PF in OpenBSD 3.0 with the return-rst rule sets the TTL to 128 in the RST packet, which allows remote attackers to determine if a port is being filtered because the TTL is different than the default TTL.",
"id": "2002-0514",
"type": "attack-pattern"
      }
    }
  },
  {
    "n": {
"identity": 156,
"labels": [
        "CVE"
      ],
"properties": {
"severity": "5.0 MEDIUM",
"name": "CVE-2002-0208",
"description": "PGP Security PGPfire 7.1 for Windows alters the system's TCP/IP stack and modifies packets in ICMP error messages in a way that allows remote attackers to determine that the system is running PGPfire.",
"id": "2002-0208",
"type": "attack-pattern"
      }
    }
  },
  {
    "n": {
"identity": 157,
"labels": [
        "CVE"
      ],
"properties": {
"severity": "5.0 MEDIUM",
"name": "CVE-2004-2252",
"description": "The firewall in Astaro Security Linux before 4.024 sends responses to SYN-FIN packets, which makes it easier for remote attackers to obtain information about the system and construct specialized attacks.",
"id": "2004-2252",
"type": "attack-pattern"
      }
    }
  },
  {
    "n": {
"identity": 158,
"labels": [
        "CVE"
      ],
"properties": {
"severity": "2.1 LOW",
"name": "CVE-2001-1387",
"description": "iptables-save in iptables before 1.2.4 records the \"--reject-with icmp-host-prohibited\" rule as \"--reject-with tcp-reset,\" which causes iptables to generate different responses than specified by the administrator, possibly leading to an information leak.",
"id": "2001-1387",
"type": "attack-pattern"
      }
    }
  },
  {
    "n": {
"identity": 159,
"labels": [
        "CVE"
      ],
"properties": {
"severity": "5.0 MEDIUM",
"name": "CVE-2004-1428",
"description": "ArGoSoft FTP before 1.4.2.1 generates an error message if the user name does not exist instead of prompting for a password, which allows remote attackers to determine valid usernames.",
"id": "2004-1428",
"type": "attack-pattern"
      }
    }
  },
  {
    "n": {
"identity": 160,
"labels": [
        "CVE"
      ],
"properties": {
"severity": "5.0 MEDIUM",
"name": "CVE-2003-0078",
"description": "ssl3_get_record in s3_pkt.c for OpenSSL before 0.9.7a and 0.9.6 before 0.9.6i does not perform a MAC computation if an incorrect block cipher padding is used, which causes an information leak (timing discrepancy) that may make it easier to launch cryptographic attacks that rely on distinguishing between padding and MAC verification errors, possibly leading to extraction of the original plaintext, aka the \"Vaudenay timing attack.\"",
"id": "2003-0078",
"type": "attack-pattern"
      }
    }
  },
  {
    "n": {
"identity": 161,
"labels": [
        "CVE"
      ],
"properties": {
"severity": "5.0 MEDIUM",
"name": "CVE-2004-1602",
"description": "ProFTPD 1.2.x, including 1.2.8 and 1.2.10, responds in a different amount of time when a given username exists, which allows remote attackers to identify valid usernames by timing the server response.",
"id": "2004-1602",
"type": "attack-pattern"
      }
    }
  },
  {
    "n": {
"identity": 162,
"labels": [
        "CVE"
      ],
"properties": {
"severity": "5.0 MEDIUM",
"name": "CVE-2005-0918",
"description": "The NPSVG3.dll ActiveX control for Adobe SVG Viewer 3.02 and earlier, when running on Internet Explorer, allows remote attackers to determine the existence of arbitrary files by setting the src property to the target filename and using Javascript to determine if the web page immediately stops loading, which indicates whether the file exists or not.",
"id": "2005-0918",
"type": "attack-pattern"
      }
    }
  },
  {
    "n": {
"identity": 163,
"labels": [
        "Technology"
      ],
"properties": {
"name": "Class: Technology-Independent",
"id": "Class: Technology-Independent",
"type": "infrastructure"
      }
    }
  },
  {
    "n": {
"identity": 164,
"labels": [
        "Consequence"
      ],
"properties": {
"name": "Confidentiality Access Control",
"id": "Confidentiality Access Control",
"type": "observed-data"
      }
    }
  },
  {
    "n": {
"identity": 165,
"labels": [
        "Impact"
      ],
"properties": {
"name": "Bypass Protection Mechanism",
"id": "Bypass Protection Mechanism",
"type": "observed-data"
      }
    }
  },
  {
    "n": {
"identity": 166,
"labels": [
        "CWE"
      ],
"properties": {
"name": "CWE-209: Generation of Error Message Containing Sensitive Information",
"id": 209,
"type": "vulnerability",
"exploit_likelihood": "High"
      }
    }
  },
  {
    "n": {
"identity": 167,
"labels": [
        "CVE"
      ],
"properties": {
"severity": "5.0 MEDIUM",
"name": "CVE-2008-1579",
"description": "Wiki Server in Apple Mac OS X 10.5 before 10.5.3 allows remote attackers to obtain sensitive information (user names) by reading the error message produced upon access to a nonexistent blog.",
"id": "2008-1579",
"type": "attack-pattern"
      }
    }
  },
  {
    "n": {
"identity": 179,
"labels": [
        "CVE"
      ],
"properties": {
"severity": "5.0 MEDIUM",
"name": "CVE-2008-3060",
"description": "V-webmail 1.5.0 allows remote attackers to obtain sensitive information via (1) malformed input in the login page (includes/local.hooks.php) and (2) an invalid session ID, which reveals the installation path in an error message.",
"id": "2008-3060",
"type": "attack-pattern"
      }
    }
  },
  {
    "n": {
"identity": 180,
"labels": [
        "CVE"
      ],
"properties": {
"severity": "9.8 CRITICAL",
"name": "CVE-2017-9615",
"description": "Password exposure in Cognito Software Moneyworks 8.0.3 and earlier allows attackers to gain administrator access to all data, because verbose logging writes the administrator password to a world-readable file.",
"id": "2017-9615",
"type": "attack-pattern"
      }
    }
  },
  {
    "n": {
"identity": 181,
"labels": [
        "CVE"
      ],
"properties": {
"severity": "6.5 MEDIUM",
"name": "CVE-2018-1999036",
"description": "An exposure of sensitive information vulnerability exists in Jenkins SSH Agent Plugin 1.15 and earlier in SSHAgentStepExecution.java that exposes the SSH private key password to users with permission to read the build log.",
"id": "2018-1999036",
"type": "attack-pattern"
      }
    }
  },
  {
    "n": {
"identity": 182,
"labels": [
        "Language"
      ],
"properties": {
"name": "PHP",
"id": "PHP",
"type": "infrastructure"
      }
    }
  },
  {
    "n": {
"identity": 183,
"labels": [
        "Language"
      ],
"properties": {
"name": "Java",
"id": "Java",
"type": "infrastructure"
      }
    }
  },
  {
    "n": {
"identity": 184,
"labels": [
        "Detection_Method"
      ],
"properties": {
"name": "Manual Analysis",
"id": "Manual Analysis",
"type": "observed-data"
      }
    }
  },
  {
    "n": {
"identity": 185,
"labels": [
        "Detection_Method"
      ],
"properties": {
"name": "Automated Analysis",
"id": "Automated Analysis",
"type": "observed-data"
      }
    }
  },
  {
    "n": {
"identity": 186,
"labels": [
        "Detection_Method"
      ],
"properties": {
"name": "Automated Dynamic Analysis",
"id": "Automated Dynamic Analysis",
"type": "observed-data"
      }
    }
  },
  {
    "n": {
"identity": 187,
"labels": [
        "Detection_Method"
      ],
"properties": {
"name": "Manual Dynamic Analysis",
"id": "Manual Dynamic Analysis",
"type": "observed-data"
      }
    }
  },
  {
    "n": {
"identity": 188,
"labels": [
        "CWE"
      ],
"properties": {
"name": "CWE-213: Exposure of Sensitive Information Due to Incompatible Policies",
"id": 213,
"type": "vulnerability",
"exploit_likelihood": "[]"
      }
    }
  },
  {
    "n": {
"identity": 189,
"labels": [
        "CVE"
      ],
"properties": {
"severity": "5.0 MEDIUM",
"name": "CVE-2004-0033",
"description": "admin.php in PHPGEDVIEW 2.61 allows remote attackers to obtain sensitive information via an action parameter with a phpinfo command.",
"id": "2004-0033",
"type": "attack-pattern"
      }
    }
  },
  {
    "n": {
"identity": 190,
"labels": [
        "CVE"
      ],
"properties": {
"severity": "5.0 MEDIUM",
"name": "CVE-2003-1181",
"description": "Advanced Poll 2.0.2 allows remote attackers to obtain sensitive information via an HTTP request to info.php, which invokes the phpinfo() function.",
"id": "2003-1181",
"type": "attack-pattern"
      }
    }
  },
  {
    "n": {
"identity": 191,
"labels": [
        "CVE"
      ],
"properties": {
"severity": "5.0 MEDIUM",
"name": "CVE-2004-1422",
"description": "WHM AutoPilot 2.4.6.5 and earlier allows remote attackers to gain sensitive information via phpinfo, which reveals php settings.",
"id": "2004-1422",
"type": "attack-pattern"
      }
    }
  },
  {
    "n": {
"identity": 192,
"labels": [
        "CVE"
      ],
"properties": {
"severity": "5.0 MEDIUM",
"name": "CVE-2004-1590",
"description": "Clientexec allows remote attackers to gain sensitive information via an HTTP request to phpinfo.php, which calls the phpinfo function.",
"id": "2004-1590",
"type": "attack-pattern"
      }
    }
  },
  {
    "n": {
"identity": 193,
"labels": [
        "CVE"
      ],
"properties": {
"severity": "5.0 MEDIUM",
"name": "CVE-2003-1038",
"description": "The AGate component for SAP Internet Transaction Server (ITS) allows remote attackers to obtain sensitive information via a ~command parameter with an AgateInstallCheck value, which provides a list of installed DLLs and full pathnames.",
"id": "2003-1038",
"type": "attack-pattern"
      }
    }
  },
  {
    "n": {
"identity": 194,
"labels": [
        "CVE"
      ],
"properties": {
"severity": "5.0 MEDIUM",
"name": "CVE-2005-0488",
"description": "Certain BSD-based Telnet clients, including those used on Solaris and SuSE Linux, allow remote malicious Telnet servers to read sensitive environment variables via the NEW-ENVIRON option with a SEND ENV_USERVAR command.",
"id": "2005-0488",
"type": "attack-pattern"
      }
    }
  },
  {
    "n": {
"identity": 195,
"labels": [
        "CWE"
      ],
"properties": {
"name": "CWE-215: Insertion of Sensitive Information Into Debugging Code",
"id": 215,
"type": "vulnerability",
"exploit_likelihood": "[]"
      }
    }
  },
  {
    "n": {
"identity": 196,
"labels": [
        "CVE"
      ],
"properties": {
"severity": "5.0 MEDIUM",
"name": "CVE-2002-0918",
"description": "CGIScript.net csPassword.cgi leaks sensitive information such as the pathname of the server in debug messages that are presented when the script fails, which allows remote attackers to obtain the information via a \"remove\" option in the command parameter, which generates an error.",
"id": "2002-0918",
"type": "attack-pattern"
      }
    }
  },
  {
    "n": {
"identity": 197,
"labels": [
        "CVE"
      ],
"properties": {
"severity": "5.0 MEDIUM",
"name": "CVE-2003-0637",
"description": "Novell iChain 2.2 before Support Pack 1 uses a shorter timeout for a non-existent user than a valid user, which makes it easier for remote attackers to guess usernames and conduct brute force password guessing.",
"id": "2003-0637",
"type": "attack-pattern"
      }
    }
  },
  {
    "n": {
"identity": 198,
"labels": [],
"properties": {

      }
    }
  },
  {
    "n": {
"identity": 199,
"labels": [
        "CWE"
      ],
"properties": {
"name": "CWE-359: Exposure of Private Personal Information to an Unauthorized Actor",
"id": 359,
"type": "vulnerability",
"exploit_likelihood": "[]"
      }
    }
  },
  {
    "n": {
"identity": 200,
"labels": [
        "CWE"
      ],
"properties": {
"name": "CWE-497: Exposure of Sensitive System Information to an Unauthorized Control Sphere",
"id": 497,
"type": "vulnerability",
"exploit_likelihood": "[]"
      }
    }
  },
  {
    "n": {
"identity": 201,
"labels": [
        "CWE"
      ],
"properties": {
"name": "CWE-538: Insertion of Sensitive Information into Externally-Accessible File or Directory",
"id": 538,
"type": "vulnerability",
"exploit_likelihood": "[]"
      }
    }
  },
  {
    "n": {
"identity": 202,
"labels": [
        "CWE"
      ],
"properties": {
"name": "CWE-1243: Sensitive Non-Volatile Information Not Protected During Debug",
"id": 1243,
"type": "vulnerability",
"exploit_likelihood": "[]"
      }
    }
  },
  {
    "n": {
"identity": 203,
"labels": [
        "OS"
      ],
"properties": {
"name": "Class: OS-Independent",
"id": "Class: OS-Independent",
"type": "infrastructure"
      }
    }
  },
  {
    "n": {
"identity": 204,
"labels": [
        "Architecture"
      ],
"properties": {
"name": "Class: Architecture-Independent",
"id": "Class: Architecture-Independent",
"type": "infrastructure"
      }
    }
  },
  {
    "n": {
"identity": 205,
"labels": [
        "Impact"
      ],
"properties": {
"name": "Modify Memory",
"id": "Modify Memory",
"type": "observed-data"
      }
    }
  },
  {
    "n": {
"identity": 206,
"labels": [
        "CWE"
      ],
"properties": {
"name": "CWE-1258: Exposure of Sensitive System Information Due to Uncleared Debug Information",
"id": 1258,
"type": "vulnerability",
"exploit_likelihood": "[]"
      }
    }
  },
  {
    "n": {
"identity": 207,
"labels": [
        "Consequence"
      ],
"properties": {
"name": "Access Control",
"id": "Access Control",
"type": "observed-data"
      }
    }
  },
  {
    "n": {
"identity": 208,
"labels": [
        "CWE"
      ],
"properties": {
"name": "CWE-1273: Device Unlock Credential Sharing",
"id": 1273,
"type": "vulnerability",
"exploit_likelihood": "[]"
      }
    }
  },
  {
    "n": {
"identity": 209,
"labels": [
        "Language"
      ],
"properties": {
"name": "VHDL",
"id": "VHDL",
"type": "infrastructure"
      }
    }
  },
  {
    "n": {
"identity": 210,
"labels": [
        "Language"
      ],
"properties": {
"name": "Verilog",
"id": "Verilog",
"type": "infrastructure"
      }
    }
  },
  {
    "n": {
"identity": 211,
"labels": [
        "Language"
      ],
"properties": {
"name": "Class: Compiled",
"id": "Class: Compiled",
"type": "infrastructure"
      }
    }
  },
  {
    "n": {
"identity": 212,
"labels": [
        "Technology"
      ],
"properties": {
"name": "Other",
"id": "Other",
"type": "infrastructure"
      }
    }
  },
  {
    "n": {
"identity": 213,
"labels": [
        "Consequence"
      ],
"properties": {
"name": "Confidentiality Integrity Availability Access Control Accountability Authentication Authorization Non-Repudiation",
"id": "Confidentiality Integrity Availability Access Control Accountability Authentication Authorization Non-Repudiation",
"type": "observed-data"
      }
    }
  },
  {
    "n": {
"identity": 214,
"labels": [
        "Impact"
      ],
"properties": {
"name": "Modify Files or Directories",
"id": "Modify Files or Directories",
"type": "observed-data"
      }
    }
  },
  {
    "n": {
"identity": 215,
"labels": [
        "Impact"
      ],
"properties": {
"name": "Execute Unauthorized Code or Commands",
"id": "Execute Unauthorized Code or Commands",
"type": "observed-data"
      }
    }
  },
  {
    "n": {
"identity": 216,
"labels": [
        "Impact"
      ],
"properties": {
"name": "Gain Privileges or Assume Identity",
"id": "Gain Privileges or Assume Identity",
"type": "observed-data"
      }
    }
  },
  {
    "n": {
"identity": 217,
"labels": [
        "CWE"
      ],
"properties": {
"name": "CWE-1295: Debug Messages Revealing Unnecessary Information",
"id": 1295,
"type": "vulnerability",
"exploit_likelihood": "[]"
      }
    }
  },
  {
    "n": {
"identity": 218,
"labels": [
        "CVE"
      ],
"properties": {
"severity": "5.5 MEDIUM",
"name": "CVE-2017-18326",
"description": "Cryptographic keys are printed in modem debug messages in snapdragon mobile and snapdragon wear in versions MDM9607, MDM9615, MDM9625, MDM9635M, MDM9640, MDM9645, MDM9650, MDM9655, MSM8909W, SD 210/SD 212/SD 205, SD 410/12, SD 425, SD 427, SD 430, SD 435, SD 450, SD 615/16/SD 415, SD 625, SD 636, SD 650/52, SD 800, SD 810, SD 820, SD 835, SDA660, SDM630, SDM660, Snapdragon_High_Med_2016.",
"id": "2017-18326",
"type": "attack-pattern"
      }
    }
  },
  {
    "n": {
"identity": 219,
"labels": [
        "Impact"
      ],
"properties": {
"name": "Varies by Context",
"id": "Varies by Context",
"type": "observed-data"
      }
    }
  },
  {
    "n": {
"identity": 220,
"labels": [
        "CWE"
      ],
"properties": {
"name": "CWE-498: Cloneable Class Containing Sensitive Information",
"id": 498,
"type": "vulnerability",
"exploit_likelihood": "Medium"
      }
    }
  },
  {
    "n": {
"identity": 221,
"labels": [
        "Language"
      ],
"properties": {
"name": "C++",
"id": "C++",
"type": "infrastructure"
      }
    }
  },
  {
    "n": {
"identity": 222,
"labels": [
        "Language"
      ],
"properties": {
"name": "C#",
"id": "C#",
"type": "infrastructure"
      }
    }
  },
  {
    "n": {
"identity": 223,
"labels": [
        "CWE"
      ],
"properties": {
"name": "CWE-499: Serializable Class Containing Sensitive Data",
"id": 499,
"type": "vulnerability",
"exploit_likelihood": "High"
      }
    }
  },
  {
    "n": {
"identity": 224,
"labels": [
        "CWE"
      ],
"properties": {
"name": "CWE-1272: Sensitive Information Uncleared Before Debug/Power State Transition",
"id": 1272,
"type": "vulnerability",
"exploit_likelihood": "[]"
      }
    }
  },
  {
    "n": {
"identity": 225,
"labels": [
        "CWE"
      ],
"properties": {
"name": "CWE-532: Insertion of Sensitive Information into Log File",
"id": 532,
"type": "vulnerability",
"exploit_likelihood": "Medium"
      }
    }
  }
]